"","location","year","water_year_season","season_months","total_months_sampled","samples_per_year","season_prop"
"1","Baldwin_Creek",2000,"Fall/Winter",2,5,2736,0.4
"2","Baldwin_Creek",2000,"Spring/Summer",3,5,2736,0.6
"3","Baldwin_Creek",2001,"Fall/Winter",1,1,277,1
"4","Baldwin_Creek",2002,"Fall/Winter",3,6,4020,0.5
"5","Baldwin_Creek",2002,"Spring/Summer",3,6,4020,0.5
"6","East_Fork",1990,"Spring/Summer",3,3,1049,1
"7","East_Fork",1992,"Fall/Winter",4,8,2035,0.5
"8","East_Fork",1992,"Spring/Summer",4,8,2035,0.5
"9","East_Fork",1993,"Fall/Winter",6,9,3049,0.666666666666667
"10","East_Fork",1993,"Spring/Summer",3,9,3049,0.333333333333333
"11","East_Fork",1994,"Fall/Winter",6,12,4379,0.5
"12","East_Fork",1994,"Spring/Summer",6,12,4379,0.5
"13","East_Fork",1995,"Fall/Winter",6,9,2663,0.666666666666667
"14","East_Fork",1995,"Spring/Summer",3,9,2663,0.333333333333333
"15","East_Fork",1996,"Fall/Winter",6,12,4392,0.5
"16","East_Fork",1996,"Spring/Summer",6,12,4392,0.5
"17","East_Fork",1997,"Fall/Winter",3,5,1757,0.6
"18","East_Fork",1997,"Spring/Summer",2,5,1757,0.4
"19","East_Fork",2001,"Fall/Winter",1,1,275,1
"20","East_Fork",2002,"Fall/Winter",3,6,4017,0.5
"21","East_Fork",2002,"Spring/Summer",3,6,4017,0.5
"22","Lake_Branch",1998,"Fall/Winter",1,6,152,0.166666666666667
"23","Lake_Branch",1998,"Spring/Summer",5,6,152,0.833333333333333
"24","Lake_Branch",2001,"Fall/Winter",1,1,273,1
"25","Lake_Branch",2002,"Fall/Winter",3,6,4016,0.5
"26","Lake_Branch",2002,"Spring/Summer",3,6,4016,0.5
"27","Middle_Fork",2001,"Fall/Winter",1,1,276,1
"28","Middle_Fork",2002,"Fall/Winter",3,6,4018,0.5
"29","Middle_Fork",2002,"Spring/Summer",3,6,4018,0.5
"30","Middle_Fork_Mixed",1995,"Fall/Winter",3,8,10388,0.375
"31","Middle_Fork_Mixed",1995,"Spring/Summer",5,8,10388,0.625
"32","Middle_Fork_Mixed",1996,"Fall/Winter",6,12,17514,0.5
"33","Middle_Fork_Mixed",1996,"Spring/Summer",6,12,17514,0.5
"34","Middle_Fork_Mixed",1997,"Fall/Winter",6,12,8614,0.5
"35","Middle_Fork_Mixed",1997,"Spring/Summer",6,12,8614,0.5
"36","Middle_Fork_Mixed",1998,"Fall/Winter",3,5,2986,0.6
"37","Middle_Fork_Mixed",1998,"Spring/Summer",2,5,2986,0.4
"38","Middle_Fork_Spring_Creek",1994,"Fall/Winter",6,12,4050,0.5
"39","Middle_Fork_Spring_Creek",1994,"Spring/Summer",6,12,4050,0.5
"40","Middle_Fork_Spring_Creek",1995,"Fall/Winter",6,9,2663,0.666666666666667
"41","Middle_Fork_Spring_Creek",1995,"Spring/Summer",3,9,2663,0.333333333333333
"42","Middle_Fork_Spring_Creek",1996,"Fall/Winter",6,12,4391,0.5
"43","Middle_Fork_Spring_Creek",1996,"Spring/Summer",6,12,4391,0.5
"44","Middle_Fork_Spring_Creek",1997,"Fall/Winter",3,5,1759,0.6
"45","Middle_Fork_Spring_Creek",1997,"Spring/Summer",2,5,1759,0.4
"46","Middle_Fork_Tailrace",2000,"Fall/Winter",5,11,7266,0.454545454545455
"47","Middle_Fork_Tailrace",2000,"Spring/Summer",6,11,7266,0.545454545454545
"48","Neal_Creek",2001,"Fall/Winter",1,1,277,1
"49","Neal_Creek",2002,"Fall/Winter",3,6,3781,0.5
"50","Neal_Creek",2002,"Spring/Summer",3,6,3781,0.5
"51","Powerdale",1990,"Fall/Winter",3,6,2154,0.5
"52","Powerdale",1990,"Spring/Summer",3,6,2154,0.5
"53","Powerdale",1991,"Fall/Winter",6,11,3475,0.545454545454545
"54","Powerdale",1991,"Spring/Summer",5,11,3475,0.454545454545455
"55","Powerdale",1992,"Fall/Winter",5,8,2388,0.625
"56","Powerdale",1992,"Spring/Summer",3,8,2388,0.375
"57","Powerdale",1993,"Fall/Winter",6,12,4373,0.5
"58","Powerdale",1993,"Spring/Summer",6,12,4373,0.5
"59","Powerdale",1994,"Fall/Winter",3,9,3041,0.333333333333333
"60","Powerdale",1994,"Spring/Summer",6,9,3041,0.666666666666667
"61","Powerdale",1995,"Fall/Winter",6,12,4380,0.5
"62","Powerdale",1995,"Spring/Summer",6,12,4380,0.5
"63","Powerdale",1996,"Fall/Winter",6,12,4391,0.5
"64","Powerdale",1996,"Spring/Summer",6,12,4391,0.5
"65","Powerdale",1997,"Fall/Winter",4,10,3378,0.4
"66","Powerdale",1997,"Spring/Summer",6,10,3378,0.6
"67","Powerdale",2001,"Fall/Winter",1,1,278,1
"68","Powerdale",2002,"Fall/Winter",3,6,3712,0.5
"69","Powerdale",2002,"Spring/Summer",3,6,3712,0.5
"70","Rogers_Spring",1995,"Fall/Winter",3,8,11480,0.375
"71","Rogers_Spring",1995,"Spring/Summer",5,8,11480,0.625
"72","Rogers_Spring",1996,"Fall/Winter",3,9,12551,0.333333333333333
"73","Rogers_Spring",1996,"Spring/Summer",6,9,12551,0.666666666666667
"74","Rogers_Spring",1997,"Fall/Winter",4,10,6427,0.4
"75","Rogers_Spring",1997,"Spring/Summer",6,10,6427,0.6
"76","Rogers_Spring",2000,"Fall/Winter",5,11,7238,0.454545454545455
"77","Rogers_Spring",2000,"Spring/Summer",6,11,7238,0.545454545454545
"78","Tony_Creek",2023,"Spring/Summer",1,1,24,1
"79","West_Fork",2001,"Fall/Winter",1,1,274,1
"80","West_Fork",2002,"Fall/Winter",3,6,4014,0.5
"81","West_Fork",2002,"Spring/Summer",3,6,4014,0.5
